date sun  nov   - pst anubhav.aggarwalenron.com kim.alexanderenron.com  diana.allenenron.com k..allenenron.com chuck.amesenron.com  d..andersonenron.com john.arnoldenron.com harry.aroraenron.com  debra.baileyenron.com bilal.bajwaenron.com  russell.ballatoenron.com ted.ballingerenron.com  robin.barbeenron.com r..barkerenron.com  christopher.barnumenron.com eric.bassenron.com  kathy.bassenron.com kimberly.batesenron.com  don.baughmanenron.com d..baughmanenron.com  david.baumbachenron.com adam.bayerenron.com  lorie.belshaenron.com moises.benchluchenron.com  hicham.benjellounenron.com terrell.benkeenron.com  stephen.bennettenron.com robert.bensonenron.com  corry.bentleyenron.com andrew.bermackenron.com  aaron.beruttienron.com don.blackenron.com jae.blackenron.com  jay.blaineenron.com laurel.boltenron.com f..brawnerenron.com  craig.breslauenron.com j..broderickenron.com  mara.bronsteinenron.com loretta.brooksenron.com  clifton.brundrettenron.com gary.bryanenron.com  rachel.bryantenron.com bart.burkenron.com lisa.burnettenron.com  jerome.bussenron.com tetteh.canacooenron.com  joe.capassoenron.com catalina.cardenasenron.com  mike.carsonenron.com sheila.changenron.com hai.chenenron.com  elena.chilkinaenron.com lindon.chiuenron.com  jason.choateenron.com kevin.clineenron.com  julie.clyattenron.com terri.clynesenron.com  dustin.collinsenron.com wes.colwellenron.com  ruth.concannonenron.com martin.cuillaenron.com  mike.curryenron.com oscar.daltonenron.com dana.davisenron.com  amanda.dayenron.com l..dayenron.com anthony.dayaoenron.com  clint.deanenron.com todd.decookenron.com  troy.denetsosieenron.com joseph.desenron.com  lloyd.dickersonenron.com tom.donohoeenron.com  david.draperenron.com david.dronetenron.com  matthew.duffyenron.com david.duranenron.com  janette.elbertsonenron.com gerald.emesihenron.com  suzette.emmonsenron.com frank.ermisenron.com  joe.errigoenron.com david.fairleyenron.com brian.falikenron.com  nelson.ferriesenron.com chris.figueroaenron.com  amy.fitzpatrickenron.com b..flemingenron.com  neithard.foleyenron.com david.forsterenron.com  cynthia.franklinenron.com scott.franklinenron.com  william.freijeenron.com bryant.frihartenron.com  shalesh.ganjooenron.com l..garciaenron.com  chris.gaskillenron.com l..gayenron.com chris.germanyenron.com  n..gilbertenron.com gerald.gilbertenron.com  doug.gilbert-smithenron.com steve.gimenron.com  c..gironenron.com gustavo.gironenron.com scott.goodellenron.com  james.graceenron.com andrew.greerenron.com  john.griffithenron.com mike.grigsbyenron.com  jaime.gualyenron.com claudia.guerraenron.com  jesus.guerraenron.com utku.gulmedenenron.com  gautam.guptaenron.com e..haedickeenron.com  patrick.hanseenron.com kimberly.hardyenron.com  claudette.harveyenron.com frank.haydenenron.com  pete.heintzelmanenron.com sanjay.hemanienron.com  rogers.herndonenron.com lisa.hesseenron.com p..hewittenron.com  kimberly.hillisenron.com john.hodgeenron.com d..hoganenron.com  tina.holcombeenron.com kelly.holmanenron.com  keith.holstenron.com sarah.hotzeenron.com jason.huangenron.com  bryan.hullenron.com clinton.hurtenron.com monica.hwangenron.com  chris.hydeenron.com rika.imaienron.com david.ingramenron.com  eric.iranienron.com steve.irvinenron.com mark.jacksonenron.com  rahil.jafryenron.com daniel.jenkinsenron.com  larry.jesterenron.com david.jonesenron.com  jared.kaiserenron.com jason.kanissenron.com f..keaveyenron.com  l..kellyenron.com g.kellyenron.com dayem.khandkerenron.com  jeff.kingenron.com john.kinserenron.com louise.kitchenenron.com  mark.knippaenron.com heather.krollenron.com  madhup.kumarenron.com milen.kurdovenron.com  tori.kuykendallenron.com amy.schusterenron.com  fred.lagrastaenron.com carrie.larkworthyenron.com  morris.larubbioenron.com dean.laurentenron.com  john.lavoratoenron.com matthew.lenhartenron.com  palmer.letzerichenron.com h..lewisenron.com  jozef.lieskovskyenron.com jeb.ligumsenron.com  jeremy.loenron.com matt.lorenzenron.com gretchen.lotzenron.com  thomas.lowellenron.com laura.luceenron.com  steven.luongenron.com craig.mackenron.com iris.mackenron.com  mike.maggienron.com ashish.mahajanenron.com  souad.mahmassanienron.com peter.makkaienron.com  christie.manckenron.com jose.marquezenron.com  mauricio.marquezenron.com howard.marshallenron.com  a..martinenron.com jennifer.martinezenron.com  david.maskellenron.com reagan.mathewsenron.com  robert.matticeenron.com larry.mayenron.com tom.mayenron.com  alexander.mcelreathenron.com brad.mckayenron.com  jonathan.mckayenron.com jeff.merolaenron.com  david.michelsenron.com andrew.miglianoenron.com  jeffrey.millerenron.com stephanie.millerenron.com  l..mimsenron.com narsimha.misraenron.com castlen.mooreenron.com  g..mooreenron.com john.morrisenron.com gil.muhlenron.com  e.murrellenron.com scott.nealenron.com junellen.neeseenron.com  preston.ochsnerenron.com seung-taek.ohenron.com  steve.olindeenron.com michael.olsenenron.com  paulita.olveraenron.com justin.omalleyenron.com  lucy.ortizenron.com h..ottoenron.com david.oxleyenron.com  andy.paceenron.com juan.padronenron.com steve.panenron.com  jason.panosenron.com joe.parksenron.com sheetal.patelenron.com  neeran.pathakenron.com sherry.pendegraftenron.com  cora.pendergrassenron.com w..pereiraenron.com  agustin.perezenron.com christopher.pernoudenron.com  willis.philipenron.com george.phillipsenron.com  tara.piazzeenron.com vladi.pimenovenron.com  denver.plachyenron.com laura.podurgielenron.com  nick.politisenron.com s..pollanenron.com phil.polskyenron.com  jessica.presasenron.com daniel.quezadaenron.com  dutch.quigleyenron.com ina.rangelenron.com  michele.raqueenron.com david.ratliffenron.com  punit.rawalenron.com brian.redmondenron.com  jay.reitmeyerenron.com jeff.richterenron.com  andrea.ringenron.com richard.ringenron.com  linda.robertsenron.com a..robertsenron.com tina.rodeenron.com  benjamin.rogersenron.com reagan.rorschachenron.com  justin.rostantenron.com kevin.ruscittienron.com  bill.rustenron.com david.ryanenron.com eric.saibienron.com  michael.salinasenron.com anna.santuccienron.com  leonidas.savvasenron.com paul.schiavoneenron.com  lauren.schlesingerenron.com bryce.schneiderenron.com  tammie.schoppeenron.com jim.schwiegerenron.com  m..scottenron.com michael.seelyenron.com  maximilian.sellenron.com guy.sharfmanenron.com  r..shepperdenron.com jennifer.shiposenron.com  kristann.shiremanenron.com s..shivelyenron.com  lisa.shoemakeenron.com jacob.shupeenron.com  james.simpsonenron.com jeanie.sloneenron.com  mark.smithenron.com matt.smithenron.com maureen.smithenron.com  houston .smithenron.com shauywn.smithenron.com  william.smithenron.com p..southenron.com  robert.stalfordenron.com joe.stepenovitchenron.com  adam.stevensenron.com geoff.storeyenron.com j..sturmenron.com  john.suarezenron.com julia.sudduthenron.com  franky.sulistioenron.com colleen.sullivanenron.com  mark.symmsenron.com ramanarao.tammaenron.com  craig.taylorenron.com brian.terpenron.com m..tholtenron.com  d..thomasenron.com jason.thompkinsenron.com  shirley.tijerinaenron.com matthew.titusenron.com  judy.townsendenron.com carl.tricolienron.com  patrick.tuckerenron.com barry.tycholizenron.com  larry.valderramaenron.com maria.valdesenron.com  barry.vanderhorstenron.com robert.vargasenron.com  clayton.vernonenron.com victoria.versenenron.com  frank.vickersenron.com alex.villarrealenron.com  laura.vuittonetenron.com joseph.wagnerenron.com  kristin.walshenron.com steve.wangenron.com  houston .wardenron.com charles.weldonenron.com  christian.wernerenron.com michele.wilksenron.com  lloyd.willenron.com trading .williamsenron.com  ryan.williamsenron.com annette.willisenron.com  cory.willisenron.com tonezone .willisenron.com  christa.winfreyenron.com jason.wolfeenron.com iz.wongenron.com  kim.woodenron.com sarah.wooddyenron.com  david.woodstromenron.com rick.wurlitzerenron.com  virawan.yawapongsirienron.com michael.yosowitzenron.com  ress.youngenron.com andy.zipperenron.com mike.zippererenron.comwelcome to enron center south. as you have probably already noticed things look a little different here. we wanted to orientate you to your new environment and inform you about the future technology coming on-line in the coming weeks. occupancy guidebook to enron center southyou will find this handy guide on your desk it contains information concerning the enhanced printer environment the new easy access keyboards and telephony procedures.nec monitorsthe nec monitors have an internal anti-glare screen to help reduce eye strain and eliminate the need to install an additional screen cover. additionally an integrated speaker has been installed on one monitor for each desk.turret usersan alliance mx turret quick reference guide has been placed on your desk this includes important information about the new features such as caller id and voicemail indication.increased information accessthere are many nec  plasma screens installed on the th and th floors. while many of these will be displaying information designed for the specific unit others will be displaying various television channels. the audio to these television channels can be accessed via any of your telephony equipment. heres howten audio channels have been set up for access from your either your avaya telephone stentophon or ipc turret. the channels have been defined on page  of your turret. to access the audio from either your avaya or stentophon simply dial the extensions shown in the table below channel avaya stentophon weather channel   cnn headlines news   cnn financial news   cnbc   msnbc   bloomberg   financial news network   cnn   fox sports   espn   wireless telephonyyou may notice the cellular phone coverage is not consistent across the floor and some areas have virtually no coverage at all. we are implementing a multi-network in-building system to provide consistent high quality service for the campus keeping you in touch while you are on the move. wireless lanthe infrastructure to support wireless lan technology is in place and is being tested. we will be implementing multi level encryption and security to keep our intellectual property safe from eavesdroppers or hackers.amtel replacementas a move to provide a more flexible plug n play environment and to help with the reduced desk footprint we have replaced the amtel message boxes with microsoft exchange instant messaging. the global messaging team is testing additional software products to provide some of the features not available with exchange instant messaging these include one-touch response keys external led display and printing. updates will be provided as they become available.keeping an open forumwe will keep you informed of the changes and developments as the migration to the building continues please feel free to respond with any comments queries or suggestions to mailtoenron.center.south.technologyenron.com  borion 
